# Sample size, Mean, Margin
855.000000,38.999281,4.294439
2571.000000,27.469683,1.835609
3032.000000,24.581001,3.558778
5312.000000,22.448252,1.875516
116000.000000,17.050468,0.469658