# Sample size, Mean, Margin
16.000000,11.959189,2.758530
32.000000,11.577599,1.553044
64.000000,4.297356,0.633872
96.000000,2.132558,0.837886
768.000000,0.397751,0.148128
