# Sample size, Mean, Margin
19.000000,214.524997,84.817925
38.000000,48.443872,8.818669
76.000000,16.531894,2.902929
114.000000,10.052158,2.025481
