# Sample size, Mean, Margin
261.000000,7.240074,0.361023
528.000000,4.550487,0.198037
736.000000,3.589304,0.120238
1281.000000,2.811061,0.058195
