# Sample size, Mean, Margin
41.000000,3.094289,0.210836
82.000000,1.846231,0.153270
164.000000,0.726216,0.078374
246.000000,0.442278,0.021687
