# Sample size, Mean, Margin
39.000000,16.330018,2.523326
78.000000,6.195421,0.889556
156.000000,4.139215,0.479616
234.000000,3.497058,0.217546
