# Sample size, Mean, Margin
2060.000000,13.504806,0.935025
2295.000000,12.940413,0.794905
2499.000000,12.371417,0.696492
3261.000000,11.484305,0.727579
