# Sample size, Mean, Margin
77.000000,5.592199,0.748244
173.000000,3.023523,0.177385
384.000000,1.976937,0.148146
480.000000,1.745114,0.079486
