# Sample size, Mean, Margin
26.000000,4.941432,2.270550
52.000000,2.062232,0.152061
104.000000,1.526274,0.067193
156.000000,1.424536,0.141965
