# Sample size, Mean, Margin
16.000000,9.677415,1.397571
32.000000,2.999912,0.310534
64.000000,0.976591,0.155550
96.000000,0.423874,0.057269
