# Sample size, Mean, Margin
16.000000,12.872581,3.708044
32.000000,4.941425,1.981611
64.000000,1.529920,0.292383
96.000000,0.940640,0.147276
768.000000,0.444873,0.103776
