# Sample size, Mean, Margin
261.000000,10.986564,2.060361
528.000000,6.711974,0.707175
736.000000,6.805510,0.199279
1281.000000,3.948250,0.841376
9400.000000,1.933487,0.219439
