# Sample size, Mean, Margin
49.000000,13.144853,1.168568
78.000000,11.924305,1.160975
384.000000,8.122057,0.441113
600.000000,8.137166,1.344998
1600.000000,6.004236,0.289739
