# Sample size, Mean, Margin
855.000000,24.672683,12.074537
2571.000000,17.890178,5.986375
3032.000000,10.208561,3.241337
5312.000000,10.842493,1.680733
