# Sample size, Mean, Margin
261.000000,8.017489,1.844774
528.000000,4.111825,0.202441
736.000000,3.841965,0.524884
1281.000000,4.131518,0.837516
9400.000000,1.962216,0.185987
