# Sample size, Mean, Margin
49.000000,11.003054,1.295551
78.000000,10.056366,0.918994
384.000000,6.627881,0.199938
600.000000,6.129368,0.200871
1600.000000,4.821699,0.229820
