# Sample size, Mean, Margin
49.000000,13.426111,0.838407
78.000000,11.927544,0.666277
384.000000,6.737889,0.185125
600.000000,5.859462,0.129333
