# Sample size, Mean, Margin
855.000000,15.991079,1.169372
2571.000000,10.020837,0.438907
3032.000000,9.738910,0.542671
5312.000000,7.119786,0.237657
