# Sample size, Mean, Margin
16.000000,13.689687,nan
32.000000,4.079295,nan
64.000000,0.497827,nan
96.000000,0.599447,nan
