# Sample size, Mean, Margin
16.000000,13.649101,nan
32.000000,3.605487,nan
64.000000,0.574472,nan
96.000000,0.511978,nan
